datetime,open,high,low,close,volume
2020/1/1 5:00,7175.44,7175.44,7172.1,7172.11,5604.376109
2020/1/2 5:00,7237.58,7237.58,7235.68,7235.68,8199.166091
2020/1/3 5:00,6948.99,6952.06,6948.21,6951.78,21208.02089
2020/1/4 5:00,7316.6,7324.34,7316.6,7323.54,73540.90207
2020/1/5 5:00,7341.88,7342.77,7340.31,7341.47,5747.080892
2020/1/6 5:00,7431.8,7431.8,7422.58,7425.28,249556.2309
2020/1/7 5:00,7549.73,7555.53,7548.73,7554.5,160948.6608
2020/1/8 5:00,8160.83,8170.46,8160.83,8166.0,150739.6685
2020/1/9 5:00,8046.8,8046.8,8028.94,8032.3,163123.716
2020/1/10 5:00,7818.1,7822.96,7772.04,7774.5,2928655.724
2020/1/11 5:00,8071.66,8074.09,8066.37,8072.9,28374.58137
2020/1/12 5:00,8161.65,8161.65,8157.89,8160.96,8351.420378
2020/1/13 5:00,8137.09,8144.73,8137.04,8144.73,50133.59207
2020/1/14 5:00,8154.96,8157.96,8151.87,8151.87,129901.2093
2020/1/15 5:00,8690.63,8690.63,8686.5,8690.59,89894.69063
2020/1/16 5:00,8815.37,8830.0,8814.34,8818.44,301373.7306
2020/1/17 5:00,8742.66,8750.0,8742.61,8750.0,89059.23061
2020/1/18 5:00,8881.67,8889.35,8878.0,8885.3,111653.4207
2020/1/19 5:00,8907.15,8909.67,8905.81,8905.93,22375.96234
2020/1/20 5:00,8647.11,8649.33,8646.1,8646.1,34702.72661
2020/1/21 5:00,8674.41,8674.41,8668.0,8671.69,65005.19446
2020/1/22 5:00,8719.99,8746.0,8718.18,8733.92,2055658.664
2020/1/23 5:00,8666.98,8667.14,8665.39,8667.14,50615.35537
2020/1/24 5:00,8372.08,8372.09,8365.34,8367.51,168514.1857
2020/1/25 5:00,8486.92,8486.92,8478.15,8478.15,114013.2243
2020/1/26 5:00,8369.26,8377.94,8369.26,8377.01,75571.2381
2020/1/27 5:00,8568.1,8579.07,8568.1,8570.16,121446.6891
2020/1/28 5:00,8984.0,8988.0,8977.24,8977.24,338595.5703
2020/1/29 5:00,9061.4,9063.17,9058.55,9059.49,11337.28831
2020/1/30 5:00,9384.9,9389.25,9382.61,9388.65,15563.4452
2020/1/31 5:00,9574.61,9576.0,9571.73,9576.0,71877.68958
2020/2/1 5:00,9324.05,9325.0,9323.99,9324.47,7871.21131
2020/2/2 5:00,9379.56,9379.56,9374.49,9374.79,7750.304832
2020/2/3 5:00,9436.92,9438.35,9435.5,9435.51,10735.03563
2020/2/4 5:00,9319.21,9319.21,9313.94,9313.95,16098.93318
2020/2/5 5:00,9206.41,9206.41,9198.27,9199.58,35848.43315
2020/2/6 5:00,9674.12,9678.4,9673.91,9678.4,79463.05938
2020/2/7 5:00,9782.97,9784.36,9782.13,9782.13,7128.481208
2020/2/8 5:00,9743.56,9745.61,9743.56,9745.02,38738.08804
2020/2/9 5:00,9860.04,9861.18,9859.98,9861.18,11595.51005
2020/2/10 5:00,10065.21,10065.21,10060.22,10060.22,41026.51117
2020/2/11 5:00,9853.78,9856.05,9853.77,9855.32,7611.975285
2020/2/12 5:00,10224.98,10230.78,10223.27,10223.7,34145.3862
2020/2/13 5:00,10374.99,10382.01,10374.03,10381.79,269172.2557
2020/2/14 5:00,10226.94,10226.97,10210.0,10214.38,115302.4095
2020/2/15 5:00,10353.18,10353.62,10350.99,10350.99,15425.75575
2020/2/16 5:00,9895.97,9898.46,9893.98,9895.41,26044.25613
2020/2/17 5:00,9780.2,9780.21,9773.4,9774.53,23462.8228
2020/2/18 5:00,9628.24,9630.95,9621.92,9621.92,105137.7189
2020/2/19 5:00,10151.68,10162.18,10150.75,10161.11,568189.6777
2020/2/20 5:00,10153.01,10156.48,10143.44,10145.09,336221.2876
2020/2/21 5:00,9582.36,9591.83,9582.36,9591.76,68354.9971
2020/2/22 5:00,9696.61,9696.61,9690.09,9690.2,63150.32396
2020/2/23 5:00,9676.0,9685.0,9676.0,9683.3,43366.81386
2020/2/24 5:00,9866.0,9869.67,9857.15,9860.19,155726.2971
2020/2/25 5:00,9595.26,9595.52,9590.02,9592.85,62241.17781
2020/2/26 5:00,9329.66,9336.73,9328.42,9330.77,86398.11248
2020/2/27 5:00,8805.61,8808.49,8802.02,8808.18,41632.90774
2020/2/28 5:00,8883.6,8887.06,8883.45,8884.91,52373.40459
2020/2/29 5:00,8615.0,8623.03,8610.0,8622.83,65891.02161
2020/3/1 5:00,8654.0,8657.19,8653.99,8656.42,89943.27819
2020/3/2 5:00,8494.36,8494.37,8482.45,8482.68,106861.6884
2020/3/3 4:00,8881.98,8884.23,8876.77,8876.77,93377.81876
2020/3/4 4:00,8712.42,8713.53,8703.01,8705.7,45004.44253
2020/3/5 4:00,8738.88,8738.89,8731.59,8732.71,93282.11937
2020/3/6 4:00,9150.31,9155.41,9143.39,9145.11,352258.4825
2020/3/7 4:00,9084.63,9096.4,9084.24,9096.39,26056.46763
2020/3/8 4:00,8886.72,8886.72,8863.79,8873.86,228062.7412
2020/3/9 4:00,8281.02,8282.21,8277.87,8281.49,68839.31914
2020/3/10 4:00,7842.22,7843.1,7838.34,7841.07,86484.54814
2020/3/11 4:00,7978.9,7999.0,7936.07,7941.51,1450449.748
2020/3/12 4:00,7826.88,7848.62,7826.88,7845.27,174994.4181
2020/3/13 4:00,6036.09,6048.88,6008.0,6048.88,1025293.705
2020/3/14 4:00,5394.19,5408.22,5313.0,5340.89,2599438.224
2020/3/15 4:00,5389.94,5392.9,5360.71,5380.56,1034454.306
2020/3/16 4:00,5314.15,5326.53,5310.04,5326.52,99630.24231
2020/3/17 4:00,4942.0,5001.58,4923.5,4997.64,1031152.027
2020/3/18 4:00,5377.56,5397.89,5333.33,5337.69,1554385.032
2020/3/19 4:00,5328.99,5330.0,5314.55,5323.73,272969.4276
2020/3/20 4:00,6213.81,6234.0,6212.65,6213.98,354089.0863
2020/3/21 4:00,6187.3,6188.67,6150.0,6153.6,1318158.457
2020/3/22 4:00,6216.99,6229.63,6215.94,6226.4,115117.8218
2020/3/23 4:00,5911.1,5911.93,5850.0,5859.1,2837447.42
2020/3/24 4:00,6266.6,6273.89,6262.09,6270.76,267408.3112
2020/3/25 4:00,6696.81,6704.08,6687.6,6702.6,141835.981
2020/3/26 4:00,6622.58,6624.28,6614.58,6614.84,85716.7822
2020/3/27 4:00,6658.73,6667.02,6652.85,6664.06,56497.49957
2020/3/28 4:00,6656.53,6661.15,6654.36,6655.0,41221.57369
2020/3/29 4:00,6210.24,6256.6,6210.0,6236.69,1874599.997
2020/3/30 4:00,5904.26,5920.49,5891.0,5919.94,732261.4705
2020/3/31 4:00,6366.41,6372.01,6364.17,6364.73,71660.52895
2020/4/1 4:00,6464.08,6467.97,6460.65,6466.0,101584.854
2020/4/2 4:00,6201.39,6201.46,6193.83,6197.87,184010.0443
2020/4/3 4:00,6803.38,6805.0,6760.05,6765.32,2272631.546
2020/4/4 4:00,6770.25,6781.59,6766.78,6780.7,192897.4027
2020/4/5 4:00,6746.68,6756.03,6746.68,6756.03,147038.7742
2020/4/6 4:00,6792.73,6794.68,6792.44,6792.77,5673.408668
2020/4/7 4:00,7265.54,7285.04,7259.1,7277.56,486251.4087
2020/4/8 4:00,7287.39,7293.0,7282.46,7286.6,157688.9051
2020/4/9 4:00,7304.65,7322.97,7303.29,7322.97,182353.4548
2020/4/10 4:00,7262.27,7262.56,7247.73,7248.63,176965.8217
2020/4/11 4:00,6900.15,6900.15,6892.96,6894.73,140387.3959
2020/4/12 4:00,6801.27,6801.27,6770.0,6784.5,1227814.558
2020/4/13 4:00,7112.62,7126.87,7111.91,7124.52,140959.3218
2020/4/14 4:00,6772.1,6796.65,6772.1,6795.53,243529.0412
2020/4/15 4:00,6916.0,6923.99,6915.0,6923.65,206607.5759
2020/4/16 4:00,6730.52,6731.01,6716.77,6719.5,202896.0127
2020/4/17 4:00,7072.25,7072.25,6977.27,6981.92,1993254.653
2020/4/18 4:00,7070.7,7082.31,7069.11,7074.15,103506.5627
2020/4/19 4:00,7210.7,7211.36,7201.1,7206.91,117254.0057
2020/4/20 4:00,7134.16,7134.16,7122.19,7126.3,170592.9995
2020/4/21 4:00,6768.02,6790.21,6750.22,6786.05,2669476.625
2020/4/22 4:00,6863.54,6875.85,6862.21,6875.02,532807.8016
2020/4/23 4:00,7084.31,7088.48,7078.42,7087.23,281543.313
2020/4/24 4:00,7521.59,7533.9,7521.0,7533.71,285670.7233
2020/4/25 4:00,7521.33,7528.62,7518.99,7526.89,109677.9908
2020/4/26 4:00,7543.89,7549.75,7542.9,7548.21,114373.8659
2020/4/27 4:00,7646.27,7655.19,7645.61,7652.8,300411.9015
2020/4/28 4:00,7699.04,7699.79,7695.89,7698.12,126391.148
2020/4/29 4:00,7715.65,7716.55,7712.15,7715.42,190968.527
2020/4/30 4:00,8721.43,8740.0,8721.28,8733.47,219201.1868
2020/5/1 4:00,8836.87,8837.87,8822.36,8824.19,693019.3274
2020/5/2 4:00,8727.09,8739.99,8727.09,8736.24,155551.2643
2020/5/3 4:00,8879.28,8880.53,8871.1,8872.19,172333.0903
2020/5/4 4:00,8871.41,8882.39,8863.42,8864.88,124767.0591
2020/5/5 4:00,8830.23,8853.13,8828.6,8847.84,366126.1436
2020/5/6 4:00,8904.05,8919.26,8898.4,8912.16,503982.4529
2020/5/7 4:00,9238.07,9238.07,9231.72,9232.22,485446.3709
2020/5/8 4:00,9862.92,9893.48,9860.38,9866.39,1424072.914
2020/5/9 4:00,9944.79,9948.97,9941.08,9947.05,284964.0266
2020/5/10 4:00,9743.07,9751.2,9743.07,9750.17,1005688.639
2020/5/11 4:00,8501.24,8542.8,8499.58,8542.8,442559.6038
2020/5/12 4:00,8745.68,8800.0,8728.03,8738.27,3361338.442
2020/5/13 4:00,8790.89,8822.88,8790.13,8816.44,658969.4151
2020/5/14 4:00,9150.0,9153.81,9137.47,9153.81,222710.438
2020/5/15 4:00,9662.83,9667.47,9641.61,9646.11,520019.544
2020/5/16 4:00,9355.0,9355.87,9351.28,9351.28,39449.73359
2020/5/17 4:00,9330.61,9330.61,9310.24,9315.02,497039.0098
2020/5/18 4:00,9772.27,9772.27,9763.88,9764.16,91045.24933
2020/5/19 4:00,9701.47,9723.44,9701.47,9714.87,541537.0921
2020/5/20 4:00,9646.47,9653.55,9638.63,9645.46,168247.5412
2020/5/21 4:00,9532.16,9533.16,9525.0,9531.83,191589.4659
2020/5/22 4:00,9068.47,9068.48,9044.22,9044.22,211338.2831
2020/5/23 4:00,9174.57,9175.38,9159.67,9160.05,88605.05096
2020/5/24 4:00,9180.48,9185.76,9180.48,9185.58,34653.49671
2020/5/25 4:00,9018.13,9022.52,9006.66,9021.48,111313.1163
2020/5/26 4:00,8928.69,8944.0,8928.69,8941.83,67636.80745
2020/5/27 4:00,8800.51,8812.49,8799.98,8811.98,405724.8874
2020/5/28 4:00,9157.72,9173.89,9157.72,9165.0,406663.5804
2020/5/29 4:00,9454.15,9460.32,9451.39,9457.37,54367.62661
2020/5/30 4:00,9406.74,9406.74,9400.32,9403.31,65131.57181
2020/5/31 4:00,9536.95,9537.23,9528.57,9537.23,826282.3215
2020/6/1 4:00,9515.26,9516.97,9512.59,9516.74,46057.00949
2020/6/2 4:00,9571.33,9578.56,9571.33,9576.12,41219.62335
2020/6/3 4:00,9508.83,9508.83,9495.0,9498.4,1232096.807
2020/6/4 4:00,9577.64,9584.23,9577.59,9582.0,117736.5648
2020/6/5 4:00,9817.47,9825.72,9812.82,9817.44,284134.8898
2020/6/6 4:00,9724.67,9728.31,9724.66,9725.33,107848.5268
2020/6/7 4:00,9659.11,9662.51,9659.1,9662.38,60772.23768
2020/6/8 4:00,9775.64,9806.21,9773.46,9784.85,2840687.062
2020/6/9 4:00,9694.23,9698.35,9689.79,9693.78,183468.4031
2020/6/10 4:00,9730.68,9734.68,9730.01,9730.01,197181.8693
2020/6/11 4:00,9852.07,9880.01,9851.4,9880.0,450855.0632
2020/6/12 4:00,9282.68,9282.68,9260.0,9264.95,915184.7926
2020/6/13 4:00,9432.37,9443.93,9432.37,9435.16,146809.7563
2020/6/14 4:00,9403.73,9403.73,9373.9,9375.6,747324.3835
2020/6/15 4:00,9395.41,9404.08,9395.41,9404.08,107299.4781
2020/6/16 4:00,9417.97,9431.73,9417.97,9429.28,461595.7156
2020/6/17 4:00,9508.15,9508.16,9494.89,9495.73,122662.8581
2020/6/18 4:00,9307.13,9341.22,9288.0,9339.79,6348977.949
2020/6/19 4:00,9397.25,9397.25,9384.27,9388.49,256388.0565
2020/6/20 4:00,9307.16,9307.16,9301.11,9301.11,190846.5853
2020/6/21 4:00,9287.56,9296.0,9287.56,9296.0,360046.3548
2020/6/22 4:00,9351.55,9351.55,9345.15,9345.16,28128.23508
2020/6/23 4:00,9562.5,9572.69,9562.49,9572.68,299011.5386
2020/6/24 4:00,9640.01,9640.01,9638.77,9638.77,27197.55752
2020/6/25 4:00,9300.0,9307.98,9298.15,9307.98,141378.9548
2020/6/26 4:00,9284.66,9294.87,9284.66,9294.87,216484.8421
2020/6/27 4:00,9166.86,9197.58,9166.86,9185.71,1348621.139
2020/6/28 4:00,8937.92,8937.92,8902.3,8913.47,1907990.043
2020/6/29 4:00,9111.77,9122.58,9105.26,9119.87,521609.2814
2020/6/30 4:00,9158.1,9167.26,9158.1,9164.3,167437.075
2020/7/1 4:00,9135.33,9135.88,9130.17,9131.08,113597.4929
2020/7/2 4:00,9240.52,9244.2,9236.21,9244.18,291749.1618
2020/7/3 4:00,9055.26,9055.88,9043.64,9043.64,185361.854
2020/7/4 4:00,9084.63,9084.63,9077.02,9077.96,286616.1355
2020/7/5 4:00,9128.0,9145.0,9128.0,9140.95,435979.1819
2020/7/6 4:00,9030.93,9033.26,9030.06,9030.06,131347.8468
2020/7/7 4:00,9289.92,9289.93,9285.01,9287.02,70202.11487
2020/7/8 4:00,9238.08,9238.09,9233.45,9235.09,82034.30276
2020/7/9 4:00,9430.03,9440.48,9429.26,9438.97,86241.26991
2020/7/10 4:00,9217.43,9217.43,9211.46,9211.46,55918.76799
2020/7/11 4:00,9234.86,9240.0,9234.86,9239.61,124165.9532
2020/7/12 4:00,9204.85,9205.78,9202.77,9202.77,61080.09949
2020/7/13 4:00,9220.9,9220.9,9215.68,9217.17,89467.35268
2020/7/14 4:00,9234.62,9234.62,9219.84,9225.14,309314.647
2020/7/15 4:00,9268.56,9273.12,9268.56,9270.79,264509.2418
2020/7/16 4:00,9183.31,9183.72,9180.88,9183.23,128736.6456
2020/7/17 4:00,9126.41,9132.0,9126.41,9130.53,387699.4894
2020/7/18 4:00,9163.95,9163.95,9163.44,9163.44,83734.57838
2020/7/19 4:00,9161.71,9165.32,9156.0,9165.32,370749.0271
2020/7/20 4:00,9164.57,9166.08,9164.57,9166.08,77463.86893
2020/7/21 4:00,9159.3,9159.3,9156.01,9156.01,120592.8037
2020/7/22 4:00,9353.73,9358.07,9353.72,9358.07,151421.3995
2020/7/23 4:00,9372.98,9377.82,9372.98,9377.31,98164.46576
2020/7/24 4:00,9593.76,9596.89,9578.0,9583.1,491421.321
2020/7/25 4:00,9580.0,9580.96,9579.99,9580.96,42789.86346
2020/7/26 4:00,9675.22,9681.97,9672.78,9673.83,284118.3283
2020/7/27 4:00,9866.96,9866.96,9852.08,9861.68,258784.4312
2020/7/28 4:00,10791.12,10801.87,10784.76,10788.17,1118282.099
2020/7/29 4:00,10992.03,10998.68,10990.51,10995.32,358312.4719
2020/7/30 4:00,11204.99,11223.13,11201.73,11210.98,544380.9022
2020/7/31 4:00,11117.32,11127.4,11117.32,11119.07,107670.4073
2020/8/1 4:00,11318.43,11330.98,11312.26,11329.0,374790.9928
2020/8/2 4:00,11771.17,11800.0,11768.76,11799.91,460885.7057
2020/8/3 4:00,11202.14,11205.68,11188.26,11188.27,192693.0898
2020/8/4 4:00,11400.06,11414.63,11397.3,11400.66,477061.1083
2020/8/5 4:00,11221.14,11236.43,11221.14,11236.41,226528.2109
2020/8/6 4:00,11646.83,11647.75,11635.64,11637.68,115408.6064
2020/8/7 4:00,11864.02,11881.0,11864.01,11869.93,790079.3704
2020/8/8 4:00,11489.29,11489.29,11477.67,11477.67,302827.3018
2020/8/9 4:00,11713.24,11713.24,11696.61,11698.52,272579.0407
2020/8/10 4:00,11627.5,11638.67,11627.5,11638.66,56553.65549
2020/8/11 4:00,11862.28,11862.28,11849.43,11849.44,20073.64623
2020/8/12 4:00,11388.71,11392.63,11377.62,11378.74,295073.2776
2020/8/13 4:00,11569.24,11578.98,11565.82,11565.82,124518.2764
2020/8/14 4:00,11506.84,11522.9,11506.84,11522.88,85540.8782
2020/8/15 4:00,11803.65,11810.0,11803.64,11809.01,320147.0166
2020/8/16 4:00,11837.92,11853.25,11832.61,11853.25,103444.8671
2020/8/17 4:00,11819.08,11835.36,11819.07,11835.36,270657.4264
2020/8/18 4:00,12325.26,12339.31,12325.26,12339.31,293387.3996
2020/8/19 4:00,11980.45,11997.98,11976.88,11996.88,197118.4566
2020/8/20 4:00,11653.0,11680.56,11648.93,11676.7,379224.7359
2020/8/21 4:00,11843.99,11849.58,11843.99,11845.28,184210.4499
2020/8/22 4:00,11671.63,11679.65,11668.6,11671.75,145362.9972
2020/8/23 4:00,11590.79,11594.8,11590.78,11594.8,54897.03781
2020/8/24 4:00,11682.21,11700.0,11682.21,11697.65,1547331.472
2020/8/25 4:00,11748.65,11748.66,11735.75,11740.09,150393.3951
2020/8/26 4:00,11294.31,11295.33,11274.59,11281.76,800185.9092
2020/8/27 4:00,11458.93,11462.67,11456.62,11462.49,109544.3091
2020/8/28 4:00,11245.47,11245.47,11234.26,11234.73,110504.5487
2020/8/29 4:00,11498.47,11498.91,11491.48,11492.44,114301.8308
2020/8/30 4:00,11523.0,11531.87,11523.0,11526.22,212515.4642
2020/8/31 4:00,11644.41,11648.04,11644.41,11647.82,103415.3821
2020/9/1 4:00,11724.0,11724.75,11712.16,11724.24,477921.6075
2020/9/2 4:00,11956.6,11963.74,11955.41,11963.74,233811.749
2020/9/3 4:00,11387.78,11387.78,11358.69,11358.69,1304797.417
2020/9/4 4:00,10682.05,10684.55,10674.62,10677.16,131979.1293
2020/9/5 4:00,10567.74,10599.45,10564.88,10580.0,1009324.85
2020/9/6 4:00,9958.18,9959.09,9932.98,9933.47,416218.934
2020/9/7 4:00,10257.83,10267.17,10254.94,10257.98,279067.872
2020/9/8 4:00,10148.77,10149.49,10146.55,10148.81,67531.73712
2020/9/9 4:00,9989.75,10024.14,9989.75,10012.19,738054.7965
2020/9/10 4:00,10276.88,10287.24,10275.26,10275.73,264403.3699
2020/9/11 4:00,10270.14,10279.0,10262.17,10278.99,208279.6621
2020/9/12 4:00,10322.23,10334.1,10322.22,10332.16,614025.1146
2020/9/13 4:00,10460.67,10468.62,10460.67,10467.4,151531.68
2020/9/14 4:00,10309.36,10309.36,10305.5,10305.89,38154.488
2020/9/15 4:00,10665.01,10665.01,10657.28,10657.28,40714.74324
2020/9/16 4:00,10782.97,10785.25,10775.07,10775.07,170532.0812
2020/9/17 4:00,10986.08,10993.74,10982.15,10987.25,187935.9225
2020/9/18 4:00,10916.02,10923.66,10911.68,10920.93,133611.6574
2020/9/19 4:00,10865.28,10869.15,10862.36,10864.13,54338.53505
2020/9/20 4:00,11053.95,11057.6,11053.74,11057.59,55423.97347
2020/9/21 4:00,10871.11,10877.38,10866.04,10877.38,47569.92722
2020/9/22 4:00,10498.57,10498.76,10485.47,10489.05,250577.8045
2020/9/23 4:00,10491.15,10492.41,10490.72,10490.99,30259.70978
2020/9/24 4:00,10294.99,10306.05,10287.53,10306.04,318134.2791
2020/9/25 4:00,10653.99,10654.0,10648.79,10653.99,350460.0362
2020/9/26 4:00,10717.58,10724.0,10717.58,10720.76,128824.8146
2020/9/27 4:00,10720.31,10722.36,10718.06,10722.35,42060.36297
2020/9/28 4:00,10730.17,10733.52,10722.12,10722.76,126252.4527
2020/9/29 4:00,10868.85,10873.75,10867.46,10867.49,405210.9849
2020/9/30 4:00,10739.72,10757.5,10739.11,10752.39,306125.5662
2020/10/1 4:00,10710.0,10710.0,10699.37,10699.37,446889.7575
2020/10/2 4:00,10617.1,10617.1,10598.18,10605.18,302601.2769
2020/10/3 4:00,10512.99,10517.21,10511.33,10511.33,99733.34252
2020/10/4 4:00,10583.3,10584.62,10583.3,10584.45,55883.8712
2020/10/5 4:00,10673.27,10686.07,10673.26,10684.45,744394.8963
2020/10/6 4:00,10730.88,10736.46,10729.66,10736.22,74233.45386
2020/10/7 4:00,10571.54,10571.54,10554.8,10565.35,642586.751
2020/10/8 4:00,10651.82,10652.45,10642.0,10644.9,229221.7691
2020/10/9 4:00,10879.42,10885.85,10876.47,10881.5,39626.63244
2020/10/10 4:00,11035.51,11043.87,11035.51,11043.87,135259.9009
2020/10/11 4:00,11352.61,11352.62,11340.82,11340.82,127151.6596
2020/10/12 4:00,11334.7,11346.98,11331.91,11346.0,404079.704
2020/10/13 4:00,11546.17,11550.0,11544.0,11544.01,114590.1499
2020/10/14 4:00,11388.46,11394.35,11386.9,11390.41,225546.3022
2020/10/15 4:00,11343.71,11343.94,11339.49,11340.78,74201.35606
2020/10/16 4:00,11521.65,11528.39,11521.53,11527.57,310740.1574
2020/10/17 4:00,11310.58,11316.0,11299.99,11300.0,4191661.133
2020/10/18 4:00,11341.76,11341.76,11334.69,11334.7,83985.90598
2020/10/19 4:00,11433.47,11433.47,11432.41,11432.49,116153.5739
2020/10/20 4:00,11689.0,11691.99,11688.99,11691.99,190638.8444
2020/10/21 4:00,11913.72,11913.72,11897.23,11901.23,710991.5636
2020/10/22 4:00,12681.55,12694.3,12675.49,12688.28,325410.9692
2020/10/23 4:00,13070.63,13092.58,13070.63,13083.55,536542.1795
2020/10/24 4:00,12916.36,12917.31,12901.93,12906.4,410002.0113
2020/10/25 4:00,13117.34,13120.0,13116.88,13120.0,228193.5756
2020/10/26 4:00,13040.07,13040.81,13034.27,13037.15,153802.0839
2020/10/27 4:00,13000.0,13000.0,12995.02,13000.0,466894.5013
2020/10/28 4:00,13655.94,13662.26,13652.62,13653.11,171121.0187
2020/10/29 4:00,13168.8,13174.97,13157.3,13171.79,180877.4496
2020/10/30 4:00,13491.0,13503.99,13475.83,13498.36,1999923.223
2020/10/31 4:00,13534.24,13548.04,13528.0,13535.63,652909.4379
2021/3/14 5:00,61637.12,61663.37,61628.09,61643.97,252063.5087
2021/3/15 4:00,59922.6,60054.54,59922.6,60020.32,767778.5929
2021/3/16 4:00,56561.59,56602.64,56509.91,56531.96,579737.432
2021/3/17 4:00,55728.23,55728.23,55676.7,55692.8,355797.5145
2021/3/18 4:00,57860.05,58032.81,57860.05,57968.88,3376596.684
2021/3/19 4:00,57293.6,57418.98,57021.0,57089.54,7323725.046
2021/3/20 4:00,58822.74,58925.57,58821.06,58914.44,2074411.208
2021/3/21 4:00,59283.77,59366.35,59260.08,59332.05,2249900.102
2021/3/22 4:00,57512.37,57616.55,57512.37,57610.43,520337.0627
2021/3/23 4:00,55525.04,55567.02,55380.0,55467.81,8579875.073
2021/3/24 4:00,55003.7,55083.63,54966.02,54966.03,2677716.576
2021/3/25 4:00,54735.51,54741.77,54580.01,54594.75,3782775.449
2021/3/26 4:00,52188.12,52326.43,52188.12,52299.49,1360654.515
2021/3/27 4:00,53778.51,53840.19,53777.61,53833.26,1574394.636
2021/3/28 4:00,55768.34,55873.95,55768.34,55847.78,719503.7779
2021/3/29 4:00,55211.79,55211.79,55090.77,55116.4,879482.4401
2021/3/30 4:00,57681.22,57728.94,57666.09,57725.21,462317.0531
2021/3/31 4:00,59075.83,59083.38,58986.85,58991.03,1075824.098
2021/4/1 4:00,58553.25,58679.75,58358.0,58399.49,8176408.005
2021/4/2 4:00,58929.75,58983.73,58901.57,58971.26,2362610.031
2021/4/3 4:00,58868.94,58868.95,58797.2,58820.03,460372.1178
2021/4/4 4:00,58592.51,58592.52,58478.73,58520.13,770317.3988
2021/4/5 4:00,57961.46,57966.62,57957.88,57964.11,160723.5758
2021/4/6 4:00,59000.24,59085.71,59000.23,59051.42,1685810.172
2021/4/7 4:00,58233.61,58303.02,58227.15,58303.02,2488241.24
2021/4/8 4:00,56149.68,56151.85,56042.79,56062.57,978114.3918
2021/4/9 4:00,57742.19,57767.16,57729.27,57759.61,878224.0044
2021/4/10 4:00,58369.57,58405.33,58369.57,58401.04,1004813.992
2021/4/11 4:00,59576.13,59676.75,59559.68,59650.09,973383.9414
2021/4/12 4:00,59701.33,59744.56,59666.24,59666.25,440758.9043
2021/4/13 4:00,60089.78,60136.05,60078.54,60127.29,1347251.181
2021/4/14 4:00,62999.97,63062.96,62984.52,63050.0,1053424.15
2021/4/15 4:00,62148.82,62180.05,62061.9,62062.42,1029910.849
2021/4/16 4:00,63378.45,63521.43,63378.45,63419.01,1255677.729
2021/4/17 4:00,61713.3,61809.56,61713.3,61751.23,2634061.207
2021/4/18 4:00,60703.26,60744.87,60703.25,60725.92,771102.3246
2021/4/19 4:00,55726.24,55791.4,55726.24,55772.38,524097.1653
2021/4/20 4:00,55937.15,55937.15,55865.86,55890.36,1013196.269
2021/4/21 4:00,56578.86,56654.24,56578.85,56626.06,438561.25
2021/4/22 4:00,55479.33,55479.34,55372.23,55373.07,1132993.746
2021/4/23 4:00,52933.52,52933.52,52578.94,52685.14,6966123.956
2021/4/24 4:00,50865.48,50900.0,50850.94,50882.13,519445.1679
2021/4/25 4:00,50668.62,50769.47,50668.62,50738.08,474631.6729
2021/4/26 4:00,49335.21,49349.23,49247.37,49271.1,3603256.836
2021/4/27 4:00,54039.84,54041.53,53904.29,53915.96,1672351.53
2021/4/28 4:00,54767.01,54828.89,54767.01,54828.89,1299137.593
2021/4/29 4:00,55408.15,55455.78,55315.81,55380.63,3925549.607
2021/4/30 4:00,52866.35,52873.57,52774.06,52795.9,5058238.422
2021/5/1 4:00,57012.99,57032.33,57003.4,57030.9,378173.1118
2021/5/2 4:00,57770.95,57770.96,57729.35,57744.39,552363.4525
2021/5/3 4:00,56850.78,56912.97,56850.78,56895.46,251847.8619
2021/5/4 4:00,57568.75,57568.76,57456.69,57456.69,885634.306
2021/5/5 4:00,54557.24,54583.25,54557.24,54576.67,339569.2582
2021/5/6 4:00,57134.24,57165.59,57025.0,57039.42,674241.4876
2021/5/7 4:00,56121.02,56190.1,56099.99,56106.55,1324459.508
2021/5/8 4:00,57572.05,57741.11,57572.05,57720.7,2757190.629
2021/5/9 4:00,59033.83,59062.42,59025.12,59058.3,232466.2104
2021/5/10 4:00,57264.11,57358.31,57169.63,57351.87,2779774.145
2021/5/11 4:00,55743.11,55743.11,55565.6,55577.83,2716009.005
2021/5/12 4:00,56616.0,56635.92,56579.67,56630.68,288247.3007
2021/5/13 4:00,54445.94,54465.32,54342.31,54399.0,1031121.757
2021/5/14 4:00,48575.46,48837.6,48537.07,48811.72,1142958.77
2021/5/15 4:00,50138.2,50232.27,50138.2,50215.24,597191.9828
2021/5/16 4:00,48109.78,48180.33,48037.86,48099.96,2038702.821
2021/5/17 4:00,45557.38,45806.44,45472.86,45763.75,4138845.202
2021/5/18 4:00,44197.16,44217.65,44126.83,44154.55,564952.1035
2021/5/19 4:00,43259.52,43280.0,43182.55,43253.19,1187355.232
2021/5/20 4:00,39334.35,39685.06,39266.9,39649.02,4093653.553
2021/5/21 4:00,40107.96,40135.09,39872.26,39902.39,1981555.924
2021/5/22 4:00,36062.64,36223.07,36044.98,36223.06,1895529.336
2021/5/23 4:00,37291.6,37357.6,37265.07,37357.6,567779.2765
2021/5/24 4:00,33043.69,33206.88,33035.1,33166.39,804083.6183
2021/5/25 4:00,39596.81,39850.0,39585.19,39755.19,6593685.49
2021/5/26 4:00,37287.48,37382.67,37251.32,37376.72,1144685.578
2021/5/27 4:00,38478.81,38500.0,38385.81,38410.92,925024.004
2021/5/28 4:00,38769.37,38771.31,38740.49,38751.2,577956.25
2021/5/29 4:00,35788.94,35923.18,35788.94,35900.29,1633405.02
2021/5/30 4:00,34028.01,34168.21,34028.01,34137.9,449134.5789
2021/5/31 4:00,36083.86,36093.63,36030.0,36030.13,637145.6956
2021/6/1 4:00,36869.4,36969.63,36867.92,36948.65,623322.7583
2021/6/2 4:00,35972.49,36032.37,35957.49,36032.35,407708.361
2021/6/3 4:00,37888.86,37888.86,37787.24,37819.34,941446.7071
2021/6/4 4:00,38594.51,38628.95,38581.12,38626.21,418166.5491
2021/6/5 4:00,36800.01,36868.83,36800.01,36863.0,495999.7208
2021/6/6 4:00,35782.91,35782.91,35702.24,35765.77,424792.4445
2021/6/7 4:00,35746.15,35746.15,35695.69,35699.03,482250.0878
2021/6/8 4:00,35631.8,35632.49,35600.0,35611.27,508477.1852
2021/6/9 4:00,32856.5,32886.01,32784.03,32804.24,844996.2595
2021/6/10 4:00,36258.29,36354.61,36258.29,36296.13,1059387.522
2021/6/11 4:00,36675.78,36692.38,36617.06,36617.07,357055.3022
2021/6/12 4:00,37249.24,37253.96,37184.0,37222.56,304748.7291
2021/6/13 4:00,35734.58,35787.96,35734.58,35757.34,848298.3614
2021/6/14 4:00,37648.89,37696.3,37636.42,37636.43,1592751.983
2021/6/15 4:00,39714.27,39714.27,39665.5,39680.03,307170.3441
2021/6/16 4:00,39958.33,39967.26,39881.93,39935.97,707099.5442
2021/6/17 4:00,38682.25,38682.25,38592.06,38592.06,1688903.749
2021/6/18 4:00,37698.04,37698.04,37580.89,37588.85,2293401.602
2021/6/19 4:00,35326.26,35369.91,35226.77,35363.68,1181782.742
2021/6/20 4:00,35952.33,35960.19,35904.97,35915.08,518206.5135
2021/6/21 4:00,35500.59,35592.59,35450.44,35450.44,1108788.383
2021/6/22 4:00,32561.44,32634.32,32561.44,32615.42,532802.0543
2021/6/23 4:00,32400.0,32508.0,32349.62,32460.97,2591880.307
2021/6/24 4:00,32882.11,33000.0,32857.15,32946.42,1165557.299
2021/6/25 4:00,34858.33,34910.29,34819.98,34843.29,1184921.823
2021/6/26 4:00,32221.23,32221.23,32089.61,32103.22,937394.9226
2021/6/27 4:00,31580.45,31627.81,31512.42,31553.22,409705.9085
2021/6/28 4:00,32821.41,32858.76,32790.63,32807.14,357631.8266
2021/6/29 4:00,34444.36,34444.65,34324.77,34329.63,883359.4335
2021/6/30 4:00,36382.22,36399.67,36377.4,36396.28,163436.1453
2021/7/1 4:00,34750.09,34801.75,34750.09,34795.52,491034.782
2021/7/2 4:00,33095.44,33182.56,33095.44,33161.83,726845.4413
2021/7/3 4:00,33325.37,33325.37,33295.42,33298.7,155182.8874
2021/7/4 4:00,34744.03,34749.06,34726.5,34726.52,75305.31175
2021/7/5 4:00,35575.6,35575.6,35532.0,35535.55,360772.4945
2021/7/6 4:00,34123.76,34172.34,34123.76,34161.87,642895.9387
2021/7/7 4:00,34023.83,34023.83,33981.63,34010.36,319597.3696
2021/7/8 4:00,34625.46,34625.46,34600.0,34600.01,110573.266
2021/7/9 4:00,33000.05,33046.19,32989.19,33011.54,262034.2763
2021/7/10 4:00,33444.39,33471.1,33444.39,33465.84,140689.7961
2021/7/11 4:00,33412.55,33412.55,33365.8,33386.83,175575.3201
2021/7/12 4:00,33896.27,33896.27,33871.25,33871.72,89864.51258
2021/7/13 4:00,32823.3,32823.45,32773.49,32793.66,424767.7829
2021/7/14 4:00,32309.28,32342.8,32256.16,32310.17,799273.5276
2021/7/15 4:00,32729.3,32731.99,32709.67,32731.99,77600.82015
2021/7/16 4:00,31537.04,31597.61,31531.2,31590.81,228674.8428
2021/7/17 4:00,31906.2,31947.43,31895.51,31943.71,272576.3984
2021/7/18 4:00,31836.63,31869.55,31836.63,31869.55,180686.1805
2021/7/19 4:00,31639.89,31639.89,31600.35,31626.39,118375.5497
2021/7/20 4:00,30744.89,30779.34,30743.68,30766.65,430590.6556
2021/7/21 4:00,29780.44,29791.88,29780.44,29791.51,85983.75146
2021/7/22 4:00,31628.85,31677.63,31587.36,31614.77,851606.6025
2021/7/23 4:00,32374.92,32376.97,32350.47,32362.22,124690.0589
2021/7/24 4:00,32246.17,32266.81,32246.17,32247.0,80913.61234
2021/7/25 4:00,33850.77,33900.47,33813.09,33895.69,246858.5089
2021/7/26 4:00,34351.3,34351.3,34313.86,34342.96,59699.83266
2021/7/27 4:00,39360.65,39510.25,39024.28,39064.25,5715526.073
2021/7/28 4:00,37807.29,37879.7,37803.2,37819.94,275521.9858
2021/7/29 4:00,40388.78,40388.78,40312.4,40312.4,277749.0739
2021/7/30 4:00,39660.0,39664.19,39639.12,39664.19,270233.0359
2021/7/31 4:00,39853.4,39916.0,39755.56,39813.25,3428848.176
2021/8/1 4:00,41305.0,41305.0,41267.62,41268.83,76680.65051
2021/8/2 4:00,41261.18,41350.56,41261.18,41338.09,556485.7502
2021/8/3 4:00,39172.81,39259.77,39168.88,39245.28,402401.8258
2021/8/4 4:00,38012.83,38085.46,37962.01,38085.46,213710.9546
2021/8/5 4:00,39754.43,39816.0,39754.43,39802.05,325211.0661
2021/8/6 4:00,40700.04,40814.0,40700.04,40811.0,693271.4707
2021/8/7 4:00,42909.24,42954.05,42909.24,42930.0,202455.3721
2021/8/8 4:00,43941.08,44070.6,43831.56,44070.59,936350.4959
2021/8/9 4:00,43715.8,43802.68,43668.69,43714.13,939576.1295
2021/8/10 4:00,45984.57,46029.62,45976.3,46024.89,235398.5444
2021/8/11 4:00,45498.54,45529.85,45495.77,45510.23,266110.3242
2021/8/12 4:00,46444.21,46507.54,46414.53,46494.0,491525.4793
2021/8/13 4:00,44378.48,44421.92,44378.48,44418.74,143974.3945
2021/8/14 4:00,46460.97,46463.9,46404.0,46404.0,243182.7698
2021/8/15 4:00,47041.31,47041.32,46908.0,46909.42,1222463.498
2021/8/16 4:00,46340.63,46375.04,46300.58,46300.58,267885.6179
2021/8/17 4:00,46093.84,46115.99,46044.0,46080.91,807213.8178
2021/8/18 4:00,45468.0,45468.0,45331.97,45350.06,1309590.44
2021/8/19 4:00,44903.94,44912.61,44862.76,44882.85,927463.4179
2021/8/20 4:00,46714.25,46850.44,46710.01,46847.9,2286688.369
2021/8/21 4:00,48682.33,48683.61,48640.69,48640.69,248235.1329
2021/8/22 4:00,48964.44,49017.42,48926.95,49015.37,850379.2892
2021/8/23 4:00,48648.64,48648.65,48572.56,48602.97,312955.7588
2021/8/24 4:00,49238.99,49239.0,49178.57,49192.24,325341.0772
2021/8/25 4:00,48238.83,48238.83,48181.65,48201.19,234892.7607
2021/8/26 4:00,48659.17,48797.63,48659.17,48797.51,713891.5233
2021/8/27 4:00,46932.63,46938.33,46888.57,46907.47,198703.559
2021/8/28 4:00,48294.0,48308.76,48281.93,48295.67,117758.8794
2021/8/29 4:00,48647.06,48647.06,48620.66,48631.19,182362.7121
2021/8/30 4:00,48794.82,48833.86,48790.81,48810.42,788459.0299
2021/8/31 4:00,48620.09,48654.54,48620.09,48644.22,719062.3082
2021/9/1 4:00,47301.68,47308.29,47237.37,47237.38,384989.9028
2021/9/2 4:00,48141.02,48242.35,48100.0,48236.36,1118429.424
2021/9/3 4:00,49344.11,49344.12,49305.79,49308.78,293330.8358
2021/9/4 4:00,50527.06,50528.13,50471.45,50471.45,114502.5263
2021/9/5 4:00,49979.66,49979.66,49956.04,49965.56,220469.8366
2021/9/6 4:00,50683.78,50700.01,50670.84,50670.85,206822.4166
2021/9/7 4:00,51714.83,51748.49,51714.02,51743.04,155749.0709
2021/9/8 4:00,46687.27,46764.0,46612.98,46739.91,787897.5998
2021/9/9 4:00,46436.75,46436.76,46326.59,46328.59,825940.8273
2021/9/10 4:00,46577.06,46595.58,46551.5,46551.5,190342.0134
2021/9/11 4:00,45653.65,45693.44,45653.65,45690.99,336918.5679
2021/9/12 4:00,45358.71,45395.99,45312.65,45395.99,461180.0339
2021/9/13 4:00,45902.55,45907.48,45867.99,45870.33,327674.3845
2021/9/14 4:00,44741.01,44796.28,44741.01,44786.77,178756.3763
2021/9/15 4:00,46471.95,46476.0,46457.46,46469.54,470478.5446
2021/9/16 4:00,48076.72,48096.5,48073.79,48080.75,294341.1604
2021/9/17 4:00,47429.8,47447.99,47404.26,47404.26,369341.1302
2021/9/18 4:00,47500.0,47578.51,47482.28,47485.75,660562.6492
2021/9/19 4:00,48265.88,48265.88,48196.71,48202.9,174709.1563
2021/9/20 4:00,47374.06,47374.06,47312.09,47312.09,516272.2099
2021/9/21 4:00,43853.26,43885.53,43799.48,43873.76,455595.2735
2021/9/22 4:00,42004.29,42012.67,41918.3,41934.76,638131.5635
2021/9/23 4:00,43383.96,43414.42,43326.54,43339.92,346592.3713
2021/9/24 4:00,44765.12,44811.9,44765.12,44806.84,236773.1633
2021/9/25 4:00,42368.55,42403.76,42334.32,42392.72,241955.6411
2021/9/26 4:00,42660.0,42686.13,42660.0,42665.12,149958.7935
2021/9/27 4:00,43253.67,43307.26,43253.67,43292.06,304805.8498
2021/9/28 4:00,43009.14,43009.14,42963.02,42975.18,298332.5494
2021/9/29 4:00,41597.81,41650.9,41595.23,41640.99,218822.3817
2021/9/30 4:00,41206.71,41206.71,41166.88,41173.71,210874.0239
2021/10/1 4:00,43533.05,43647.61,43526.0,43636.69,470277.3893
2021/10/2 4:00,48034.3,48049.47,47954.3,47954.3,437292.5849
2021/10/3 4:00,48242.96,48260.0,48182.86,48189.48,542046.5028
2021/10/4 4:00,48781.75,48816.0,48781.75,48798.01,162637.9998
2021/10/5 4:00,49375.03,49470.55,49375.03,49415.39,1249793.408
2021/10/6 4:00,51184.57,51289.75,51184.57,51250.66,1057179.965
2021/10/7 4:00,55050.02,55160.3,55050.02,55133.22,1455936.364
2021/10/8 4:00,53967.95,54008.95,53964.0,53996.85,246769.2703
2021/10/9 4:00,54681.87,54685.27,54637.89,54637.9,261336.3057
2021/10/10 4:00,54659.29,54659.3,54548.4,54561.34,710425.062
2021/10/11 4:00,55446.31,55493.68,55408.88,55446.3,421814.8728
2021/10/12 4:00,57469.99,57483.5,57359.73,57398.76,760245.338
2021/10/13 4:00,55325.91,55332.0,55264.18,55270.28,1200990.894
2021/10/14 4:00,57258.61,57332.99,57258.6,57265.6,1090347.806
2021/10/15 4:00,57829.24,57857.13,57798.0,57798.0,426069.116
2021/10/16 4:00,61445.32,61485.27,61410.33,61410.33,554366.3832
2021/10/17 4:00,60830.87,60903.85,60826.05,60901.32,148254.2999
2021/10/18 4:00,60506.35,60509.38,60437.1,60443.26,431553.2729
2021/10/19 4:00,61429.64,61429.64,61320.92,61331.64,848581.0991
2021/10/20 4:00,64160.16,64164.07,64000.0,64004.06,2508534.429
2021/10/21 4:00,66384.31,66427.99,66310.59,66310.59,676402.9506
2021/10/22 4:00,62813.81,62885.71,62754.93,62866.94,819337.8433
2021/10/23 4:00,61021.0,61021.0,60898.18,60902.01,811872.5586
2021/10/24 4:00,61018.89,61018.89,60980.57,60980.57,84126.52902
2021/10/25 4:00,60626.1,60726.43,60626.09,60710.99,247358.0038
2021/10/26 4:00,62683.21,62771.41,62683.21,62735.97,437347.5897
2021/10/27 4:00,61990.77,61999.83,61931.6,61957.23,415966.9292
2021/10/28 4:00,59061.76,59130.95,59042.04,59130.94,324409.4136
2021/10/29 4:00,61288.57,61515.31,61280.89,61461.49,1290662.385
2021/10/30 4:00,62538.62,62710.52,62445.02,62464.76,1563976.555
2021/10/31 4:00,61723.23,61730.28,61701.63,61708.85,17314.69544
2021/11/1 4:00,60689.58,60715.03,60632.88,60632.88,231914.6122
2021/11/2 4:00,61432.8,61455.5,61250.95,61354.21,1383490.839
2021/11/3 4:00,63573.16,63583.46,63427.66,63428.21,228658.0468
2021/11/4 4:00,62800.01,62829.65,62763.82,62801.07,772039.0033
2021/11/5 4:00,61237.39,61245.51,61148.24,61165.03,305998.914
2021/11/6 4:00,61085.88,61095.1,60987.81,60987.81,190765.6284
2021/11/7 5:00,61138.92,61183.23,61138.91,61156.38,285049.8314
2021/11/8 5:00,62640.83,62805.53,62640.83,62774.43,708310.1179
2021/11/9 5:00,66035.44,66142.84,65942.28,66132.45,894785.2802
2021/11/10 5:00,67343.74,67345.25,67259.13,67300.92,602091.9578
2021/11/11 5:00,65824.73,65824.73,65519.53,65781.4,1499532.038
2021/11/12 5:00,64801.38,64849.66,64722.48,64734.59,350474.1425
2021/11/13 5:00,64117.39,64184.68,64117.01,64142.79,99123.83531
2021/11/14 5:00,64348.79,64373.39,64348.79,64353.85,86852.44367
2021/11/15 5:00,64223.9,64223.9,64158.6,64161.59,335422.145
2021/11/16 5:00,63893.63,63898.18,63727.58,63751.98,1132316.989
2021/11/17 5:00,59718.75,59847.57,59655.64,59827.58,1072407.548
2021/11/18 5:00,60392.56,60405.23,60313.47,60313.47,418886.2379
2021/11/19 5:00,57964.49,58031.74,57943.71,57952.76,461702.498
2021/11/20 5:00,57772.32,57799.93,57760.6,57789.33,137449.1598
2021/11/21 5:00,59404.76,59456.0,59404.76,59455.99,74284.12554
2021/11/22 5:00,59590.8,59656.15,59590.68,59636.62,332407.8695
2021/11/23 5:00,55848.61,55870.36,55724.17,55783.37,1266772.133
2021/11/24 5:00,57840.78,57857.13,57773.45,57773.45,374103.7491
2021/11/25 5:00,57396.92,57452.17,57387.64,57436.21,805381.9271
2021/11/26 5:00,58859.55,58859.55,58807.63,58853.11,351204.8927
2021/11/27 5:00,54516.63,54516.63,54454.17,54480.93,299907.6597
2021/11/28 5:00,54250.71,54266.96,54173.01,54181.88,342535.6279
2021/11/29 5:00,54916.01,54957.28,54914.61,54938.95,265121.9203
2021/11/30 5:00,58026.65,58076.33,58026.64,58067.73,181794.4688
2021/12/1 5:00,57405.26,57566.94,57398.76,57509.56,558102.6071
2021/12/2 5:00,56775.0,56799.25,56669.82,56693.94,513142.2696
2021/12/3 5:00,57021.57,57026.58,56940.15,56958.9,419696.8711
2021/12/4 5:00,53450.2,53450.2,53332.91,53413.23,1461229.6
2021/12/5 5:00,49253.23,49344.29,49253.23,49272.91,172958.0757
2021/12/6 5:00,48815.86,48920.95,48809.9,48908.18,200315.4858
2021/12/7 5:00,48825.3,48857.86,48818.24,48844.89,370617.545
2021/12/8 5:00,50443.35,50459.72,50389.41,50401.86,374506.5156
2021/12/9 5:00,50694.5,50709.32,50653.17,50653.18,307041.8266
2021/12/10 5:00,47681.34,47751.49,47641.01,47741.49,367404.8803
2021/12/11 5:00,48431.61,48431.62,48319.18,48338.41,360610.5882
2021/12/12 5:00,48563.45,48584.28,48525.46,48529.58,473465.7108
2021/12/13 5:00,50273.36,50273.85,50231.25,50240.19,47226.63258
2021/12/14 5:00,46660.14,46727.29,46586.25,46727.28,730860.9587
2021/12/15 5:00,47788.29,47788.3,47752.2,47781.79,222425.0395
2021/12/16 5:00,49216.88,49336.4,49204.44,49294.03,326224.8321
2021/12/17 5:00,47926.65,47985.22,47899.95,47985.22,332621.5835
2021/12/18 5:00,46178.98,46199.34,46112.63,46133.14,531962.6895
2021/12/19 5:00,46860.67,46870.75,46848.59,46856.69,270889.2349
2021/12/20 5:00,46776.84,46797.02,46758.21,46771.75,112436.8307
2021/12/21 5:00,47019.99,47062.41,47001.86,47046.68,451385.6632
2021/12/22 5:00,48601.67,48601.67,48540.21,48553.46,149599.5956
2021/12/23 5:00,48961.92,48982.09,48901.09,48945.57,391349.2446
2021/12/24 5:00,50933.73,50978.52,50920.77,50971.98,181789.9778
2021/12/25 5:00,51109.26,51135.0,51043.67,51046.06,498851.4728
2021/12/26 5:00,50861.0,50896.27,50861.0,50893.86,110943.2495
2021/12/27 5:00,50268.43,50272.13,50195.49,50219.82,200112.3429
2021/12/28 5:00,51224.49,51246.0,51206.68,51225.5,513634.2752
